--INSERTs generated by 'sp_generate_inserts' stored procedure written by Vyas
--Build number: 22
--Problems/Suggestions? Contact Vyas @ vyaskn@hotmail.com
--http://vyaskn.tripod.com
 
SET NOCOUNT ON
 
 
PRINT 'Inserting values into [Class]'
                                                                                                                                                                                                                                                                 
---------------------------------------------------------------------------------------------------------------------------------------------------------------------------------------------------------------------------------------------------------------- 
INSERT INTO [Class] ([ClassId],[ClassName])VALUES(1,'A')
INSERT INTO [Class] ([ClassId],[ClassName])VALUES(2,'B')
INSERT INTO [Class] ([ClassId],[ClassName])VALUES(3,'C')
INSERT INTO [Class] ([ClassId],[ClassName])VALUES(4,'D')
INSERT INTO [Class] ([ClassId],[ClassName])VALUES(5,'E')
INSERT INTO [Class] ([ClassId],[ClassName])VALUES(6,'F')
INSERT INTO [Class] ([ClassId],[ClassName])VALUES(7,'G')
INSERT INTO [Class] ([ClassId],[ClassName])VALUES(8,'H')
INSERT INTO [Class] ([ClassId],[ClassName])VALUES(9,'I')
INSERT INTO [Class] ([ClassId],[ClassName])VALUES(10,'J')
INSERT INTO [Class] ([ClassId],[ClassName])VALUES(11,'K')
INSERT INTO [Class] ([ClassId],[ClassName])VALUES(12,'L')
INSERT INTO [Class] ([ClassId],[ClassName])VALUES(13,'M')
INSERT INTO [Class] ([ClassId],[ClassName])VALUES(14,'N')
INSERT INTO [Class] ([ClassId],[ClassName])VALUES(15,'O')
INSERT INTO [Class] ([ClassId],[ClassName])VALUES(16,'P')
INSERT INTO [Class] ([ClassId],[ClassName])VALUES(17,'Q')
INSERT INTO [Class] ([ClassId],[ClassName])VALUES(18,'R')
INSERT INTO [Class] ([ClassId],[ClassName])VALUES(19,'S')
INSERT INTO [Class] ([ClassId],[ClassName])VALUES(20,'T')
INSERT INTO [Class] ([ClassId],[ClassName])VALUES(21,'U')
INSERT INTO [Class] ([ClassId],[ClassName])VALUES(22,'V')
INSERT INTO [Class] ([ClassId],[ClassName])VALUES(23,'W')
INSERT INTO [Class] ([ClassId],[ClassName])VALUES(24,'X')
INSERT INTO [Class] ([ClassId],[ClassName])VALUES(25,'Y')
INSERT INTO [Class] ([ClassId],[ClassName])VALUES(26,'Z')

PRINT 'Done'
 
 
SET NOCOUNT OFF
--INSERTs generated by 'sp_generate_inserts' stored procedure written by Vyas
--Build number: 22
--Problems/Suggestions? Contact Vyas @ vyaskn@hotmail.com
--http://vyaskn.tripod.com
 
SET NOCOUNT ON
 
 
PRINT 'Inserting values into [Client]'
                                                                                                                                                                                                                                                                 
---------------------------------------------------------------------------------------------------------------------------------------------------------------------------------------------------------------------------------------------------------------- 
INSERT INTO [Client] ([ClientID])VALUES('TestClient')

PRINT 'Done'
 
 
SET NOCOUNT OFF
--INSERTs generated by 'sp_generate_inserts' stored procedure written by Vyas
--Build number: 22
--Problems/Suggestions? Contact Vyas @ vyaskn@hotmail.com
--http://vyaskn.tripod.com
 
SET NOCOUNT ON
 
 
PRINT 'Inserting values into [Flags]'
                                                                                                                                                                                                                                                                 
---------------------------------------------------------------------------------------------------------------------------------------------------------------------------------------------------------------------------------------------------------------- 
INSERT INTO [Flags] ([FlaggedID],[Description])VALUES(1,'False')
INSERT INTO [Flags] ([FlaggedID],[Description])VALUES(2,'True')

PRINT 'Done'
 
 
SET NOCOUNT OFF
--INSERTs generated by 'sp_generate_inserts' stored procedure written by Vyas
--Build number: 22
--Problems/Suggestions? Contact Vyas @ vyaskn@hotmail.com
--http://vyaskn.tripod.com
 
SET NOCOUNT ON
 
 
PRINT 'Inserting values into [Resource]'
                                                                                                                                                                                                                                                                 
---------------------------------------------------------------------------------------------------------------------------------------------------------------------------------------------------------------------------------------------------------------- 
INSERT INTO [Resource] ([ResourceID],[Resource])VALUES(0,'Terminal')
INSERT INTO [Resource] ([ResourceID],[Resource])VALUES(1,'App1')
INSERT INTO [Resource] ([ResourceID],[Resource])VALUES(2,'App2')

PRINT 'Done'
 
 
SET NOCOUNT OFF
--INSERTs generated by 'sp_generate_inserts' stored procedure written by Vyas
--Build number: 22
--Problems/Suggestions? Contact Vyas @ vyaskn@hotmail.com
--http://vyaskn.tripod.com
 
SET NOCOUNT ON
 
SET IDENTITY_INSERT [dbo].[ClassResource] ON
GO
 
 
PRINT 'Inserting values into [ClassResource]'
                                                                                                                                                                                                                
--------------------------------------------------------------------------------------------------------------------------------------------------------------------------------------------------------------- 
INSERT INTO [ClassResource] ([CRID],[ResourceId],[ClassId],[EquivalentLoad])VALUES(19,0,1,1)
INSERT INTO [ClassResource] ([CRID],[ResourceId],[ClassId],[EquivalentLoad])VALUES(20,0,2,1)
INSERT INTO [ClassResource] ([CRID],[ResourceId],[ClassId],[EquivalentLoad])VALUES(21,0,3,1)
INSERT INTO [ClassResource] ([CRID],[ResourceId],[ClassId],[EquivalentLoad])VALUES(22,0,4,1)
INSERT INTO [ClassResource] ([CRID],[ResourceId],[ClassId],[EquivalentLoad])VALUES(23,0,5,1)
INSERT INTO [ClassResource] ([CRID],[ResourceId],[ClassId],[EquivalentLoad])VALUES(24,0,6,1)
INSERT INTO [ClassResource] ([CRID],[ResourceId],[ClassId],[EquivalentLoad])VALUES(25,0,7,1)
INSERT INTO [ClassResource] ([CRID],[ResourceId],[ClassId],[EquivalentLoad])VALUES(26,0,8,1)
INSERT INTO [ClassResource] ([CRID],[ResourceId],[ClassId],[EquivalentLoad])VALUES(27,0,9,1)
INSERT INTO [ClassResource] ([CRID],[ResourceId],[ClassId],[EquivalentLoad])VALUES(28,0,10,1)
INSERT INTO [ClassResource] ([CRID],[ResourceId],[ClassId],[EquivalentLoad])VALUES(29,0,11,1)
INSERT INTO [ClassResource] ([CRID],[ResourceId],[ClassId],[EquivalentLoad])VALUES(30,0,12,1)
INSERT INTO [ClassResource] ([CRID],[ResourceId],[ClassId],[EquivalentLoad])VALUES(31,0,13,1)
INSERT INTO [ClassResource] ([CRID],[ResourceId],[ClassId],[EquivalentLoad])VALUES(32,0,14,1)
INSERT INTO [ClassResource] ([CRID],[ResourceId],[ClassId],[EquivalentLoad])VALUES(33,0,15,1)
INSERT INTO [ClassResource] ([CRID],[ResourceId],[ClassId],[EquivalentLoad])VALUES(34,0,16,1)
INSERT INTO [ClassResource] ([CRID],[ResourceId],[ClassId],[EquivalentLoad])VALUES(35,0,17,1)
INSERT INTO [ClassResource] ([CRID],[ResourceId],[ClassId],[EquivalentLoad])VALUES(36,0,18,1)
INSERT INTO [ClassResource] ([CRID],[ResourceId],[ClassId],[EquivalentLoad])VALUES(37,0,19,1)
INSERT INTO [ClassResource] ([CRID],[ResourceId],[ClassId],[EquivalentLoad])VALUES(39,0,20,1)
INSERT INTO [ClassResource] ([CRID],[ResourceId],[ClassId],[EquivalentLoad])VALUES(40,0,21,1)
INSERT INTO [ClassResource] ([CRID],[ResourceId],[ClassId],[EquivalentLoad])VALUES(41,0,22,1)
INSERT INTO [ClassResource] ([CRID],[ResourceId],[ClassId],[EquivalentLoad])VALUES(42,0,23,1)
INSERT INTO [ClassResource] ([CRID],[ResourceId],[ClassId],[EquivalentLoad])VALUES(43,0,24,1)
INSERT INTO [ClassResource] ([CRID],[ResourceId],[ClassId],[EquivalentLoad])VALUES(44,0,25,1)
INSERT INTO [ClassResource] ([CRID],[ResourceId],[ClassId],[EquivalentLoad])VALUES(45,0,26,1)
INSERT INTO [ClassResource] ([CRID],[ResourceId],[ClassId],[EquivalentLoad])VALUES(46,1,2,2)
INSERT INTO [ClassResource] ([CRID],[ResourceId],[ClassId],[EquivalentLoad])VALUES(47,1,3,2)
INSERT INTO [ClassResource] ([CRID],[ResourceId],[ClassId],[EquivalentLoad])VALUES(48,1,5,1)
INSERT INTO [ClassResource] ([CRID],[ResourceId],[ClassId],[EquivalentLoad])VALUES(49,1,6,2)
INSERT INTO [ClassResource] ([CRID],[ResourceId],[ClassId],[EquivalentLoad])VALUES(50,1,10,1)
INSERT INTO [ClassResource] ([CRID],[ResourceId],[ClassId],[EquivalentLoad])VALUES(51,1,11,2)
INSERT INTO [ClassResource] ([CRID],[ResourceId],[ClassId],[EquivalentLoad])VALUES(52,1,12,7)
INSERT INTO [ClassResource] ([CRID],[ResourceId],[ClassId],[EquivalentLoad])VALUES(53,1,13,4)
INSERT INTO [ClassResource] ([CRID],[ResourceId],[ClassId],[EquivalentLoad])VALUES(54,1,14,2)
INSERT INTO [ClassResource] ([CRID],[ResourceId],[ClassId],[EquivalentLoad])VALUES(55,1,15,1)
INSERT INTO [ClassResource] ([CRID],[ResourceId],[ClassId],[EquivalentLoad])VALUES(56,1,16,2)
INSERT INTO [ClassResource] ([CRID],[ResourceId],[ClassId],[EquivalentLoad])VALUES(57,1,18,1)
INSERT INTO [ClassResource] ([CRID],[ResourceId],[ClassId],[EquivalentLoad])VALUES(58,1,19,2)
INSERT INTO [ClassResource] ([CRID],[ResourceId],[ClassId],[EquivalentLoad])VALUES(59,1,20,6)
INSERT INTO [ClassResource] ([CRID],[ResourceId],[ClassId],[EquivalentLoad])VALUES(60,1,21,2)
INSERT INTO [ClassResource] ([CRID],[ResourceId],[ClassId],[EquivalentLoad])VALUES(61,1,22,7)
INSERT INTO [ClassResource] ([CRID],[ResourceId],[ClassId],[EquivalentLoad])VALUES(62,1,23,6)
INSERT INTO [ClassResource] ([CRID],[ResourceId],[ClassId],[EquivalentLoad])VALUES(63,1,24,5)
INSERT INTO [ClassResource] ([CRID],[ResourceId],[ClassId],[EquivalentLoad])VALUES(64,1,25,5)
INSERT INTO [ClassResource] ([CRID],[ResourceId],[ClassId],[EquivalentLoad])VALUES(65,2,11,6)
INSERT INTO [ClassResource] ([CRID],[ResourceId],[ClassId],[EquivalentLoad])VALUES(66,2,12,14)
INSERT INTO [ClassResource] ([CRID],[ResourceId],[ClassId],[EquivalentLoad])VALUES(67,2,13,3)
INSERT INTO [ClassResource] ([CRID],[ResourceId],[ClassId],[EquivalentLoad])VALUES(68,2,6,7)
INSERT INTO [ClassResource] ([CRID],[ResourceId],[ClassId],[EquivalentLoad])VALUES(69,2,22,9)
INSERT INTO [ClassResource] ([CRID],[ResourceId],[ClassId],[EquivalentLoad])VALUES(70,2,25,99)

PRINT 'Done'
 
 
SET IDENTITY_INSERT [dbo].[ClassResource] OFF
GO
SET NOCOUNT OFF
--INSERTs generated by 'sp_generate_inserts' stored procedure written by Vyas
--Build number: 22
--Problems/Suggestions? Contact Vyas @ vyaskn@hotmail.com
--http://vyaskn.tripod.com
 
SET NOCOUNT ON
 
SET IDENTITY_INSERT [dbo].[ResourceMeasurement] ON
GO
 
 
PRINT 'Inserting values into [ResourceMeasurement]'
                                                                                                                                                                                                                                                                 
---------------------------------------------------------------------------------------------------------------------------------------------------------------------------------------------------------------------------------------------------------------- 
INSERT INTO [ResourceMeasurement] ([MeasurementId],[CRID],[Load],[Interval],[Average],[CVS])VALUES(60,19,1,1,2.000000,1.000000)
INSERT INTO [ResourceMeasurement] ([MeasurementId],[CRID],[Load],[Interval],[Average],[CVS])VALUES(61,20,1,1,2.000000,1.000000)
INSERT INTO [ResourceMeasurement] ([MeasurementId],[CRID],[Load],[Interval],[Average],[CVS])VALUES(62,21,1,1,2.000000,1.000000)
INSERT INTO [ResourceMeasurement] ([MeasurementId],[CRID],[Load],[Interval],[Average],[CVS])VALUES(63,22,1,1,2.000000,1.000000)
INSERT INTO [ResourceMeasurement] ([MeasurementId],[CRID],[Load],[Interval],[Average],[CVS])VALUES(64,23,1,1,2.000000,1.000000)
INSERT INTO [ResourceMeasurement] ([MeasurementId],[CRID],[Load],[Interval],[Average],[CVS])VALUES(65,24,1,1,2.000000,1.000000)
INSERT INTO [ResourceMeasurement] ([MeasurementId],[CRID],[Load],[Interval],[Average],[CVS])VALUES(66,25,1,1,2.000000,1.000000)
INSERT INTO [ResourceMeasurement] ([MeasurementId],[CRID],[Load],[Interval],[Average],[CVS])VALUES(67,26,1,1,2.000000,1.000000)
INSERT INTO [ResourceMeasurement] ([MeasurementId],[CRID],[Load],[Interval],[Average],[CVS])VALUES(68,27,1,1,2.000000,1.000000)
INSERT INTO [ResourceMeasurement] ([MeasurementId],[CRID],[Load],[Interval],[Average],[CVS])VALUES(69,28,1,1,2.000000,1.000000)
INSERT INTO [ResourceMeasurement] ([MeasurementId],[CRID],[Load],[Interval],[Average],[CVS])VALUES(70,29,1,1,2.000000,1.000000)
INSERT INTO [ResourceMeasurement] ([MeasurementId],[CRID],[Load],[Interval],[Average],[CVS])VALUES(71,30,1,1,2.000000,1.000000)
INSERT INTO [ResourceMeasurement] ([MeasurementId],[CRID],[Load],[Interval],[Average],[CVS])VALUES(72,31,1,1,2.000000,1.000000)
INSERT INTO [ResourceMeasurement] ([MeasurementId],[CRID],[Load],[Interval],[Average],[CVS])VALUES(73,32,1,1,2.000000,1.000000)
INSERT INTO [ResourceMeasurement] ([MeasurementId],[CRID],[Load],[Interval],[Average],[CVS])VALUES(74,33,1,1,2.000000,1.000000)
INSERT INTO [ResourceMeasurement] ([MeasurementId],[CRID],[Load],[Interval],[Average],[CVS])VALUES(75,34,1,1,2.000000,1.000000)
INSERT INTO [ResourceMeasurement] ([MeasurementId],[CRID],[Load],[Interval],[Average],[CVS])VALUES(76,35,1,1,2.000000,1.000000)
INSERT INTO [ResourceMeasurement] ([MeasurementId],[CRID],[Load],[Interval],[Average],[CVS])VALUES(77,36,1,1,2.000000,1.000000)
INSERT INTO [ResourceMeasurement] ([MeasurementId],[CRID],[Load],[Interval],[Average],[CVS])VALUES(78,37,1,1,2.000000,1.000000)
INSERT INTO [ResourceMeasurement] ([MeasurementId],[CRID],[Load],[Interval],[Average],[CVS])VALUES(82,39,1,1,2.000000,1.000000)
INSERT INTO [ResourceMeasurement] ([MeasurementId],[CRID],[Load],[Interval],[Average],[CVS])VALUES(83,40,1,1,2.000000,1.000000)
INSERT INTO [ResourceMeasurement] ([MeasurementId],[CRID],[Load],[Interval],[Average],[CVS])VALUES(84,41,1,1,2.000000,1.000000)
INSERT INTO [ResourceMeasurement] ([MeasurementId],[CRID],[Load],[Interval],[Average],[CVS])VALUES(85,42,1,1,2.000000,1.000000)
INSERT INTO [ResourceMeasurement] ([MeasurementId],[CRID],[Load],[Interval],[Average],[CVS])VALUES(86,43,1,1,2.000000,1.000000)
INSERT INTO [ResourceMeasurement] ([MeasurementId],[CRID],[Load],[Interval],[Average],[CVS])VALUES(87,44,1,1,2.000000,1.000000)
INSERT INTO [ResourceMeasurement] ([MeasurementId],[CRID],[Load],[Interval],[Average],[CVS])VALUES(88,45,1,1,2.000000,1.000000)
INSERT INTO [ResourceMeasurement] ([MeasurementId],[CRID],[Load],[Interval],[Average],[CVS])VALUES(89,46,1,1,1.000000,1.000000)
INSERT INTO [ResourceMeasurement] ([MeasurementId],[CRID],[Load],[Interval],[Average],[CVS])VALUES(90,47,1,1,1.000000,1.000000)
INSERT INTO [ResourceMeasurement] ([MeasurementId],[CRID],[Load],[Interval],[Average],[CVS])VALUES(91,48,1,1,0.300000,1.000000)
INSERT INTO [ResourceMeasurement] ([MeasurementId],[CRID],[Load],[Interval],[Average],[CVS])VALUES(92,49,1,1,0.800000,1.000000)
INSERT INTO [ResourceMeasurement] ([MeasurementId],[CRID],[Load],[Interval],[Average],[CVS])VALUES(93,50,1,1,0.400000,1.000000)
INSERT INTO [ResourceMeasurement] ([MeasurementId],[CRID],[Load],[Interval],[Average],[CVS])VALUES(94,51,1,1,9.000000,1.000000)
INSERT INTO [ResourceMeasurement] ([MeasurementId],[CRID],[Load],[Interval],[Average],[CVS])VALUES(95,52,1,1,2.500000,1.000000)
INSERT INTO [ResourceMeasurement] ([MeasurementId],[CRID],[Load],[Interval],[Average],[CVS])VALUES(96,53,1,1,21.600000,1.000000)
INSERT INTO [ResourceMeasurement] ([MeasurementId],[CRID],[Load],[Interval],[Average],[CVS])VALUES(97,54,1,1,3.300000,1.000000)
INSERT INTO [ResourceMeasurement] ([MeasurementId],[CRID],[Load],[Interval],[Average],[CVS])VALUES(98,55,1,1,5.500000,1.000000)
INSERT INTO [ResourceMeasurement] ([MeasurementId],[CRID],[Load],[Interval],[Average],[CVS])VALUES(99,56,1,1,1.000000,1.000000)
INSERT INTO [ResourceMeasurement] ([MeasurementId],[CRID],[Load],[Interval],[Average],[CVS])VALUES(100,57,1,1,7.700000,1.000000)
INSERT INTO [ResourceMeasurement] ([MeasurementId],[CRID],[Load],[Interval],[Average],[CVS])VALUES(101,58,1,1,4.500000,1.000000)
INSERT INTO [ResourceMeasurement] ([MeasurementId],[CRID],[Load],[Interval],[Average],[CVS])VALUES(102,59,1,1,4.400000,1.000000)
INSERT INTO [ResourceMeasurement] ([MeasurementId],[CRID],[Load],[Interval],[Average],[CVS])VALUES(103,60,1,1,1.800000,1.000000)
INSERT INTO [ResourceMeasurement] ([MeasurementId],[CRID],[Load],[Interval],[Average],[CVS])VALUES(104,61,1,1,5.800000,1.000000)
INSERT INTO [ResourceMeasurement] ([MeasurementId],[CRID],[Load],[Interval],[Average],[CVS])VALUES(105,62,1,1,4.000000,1.000000)
INSERT INTO [ResourceMeasurement] ([MeasurementId],[CRID],[Load],[Interval],[Average],[CVS])VALUES(106,63,1,1,10.500000,1.000000)
INSERT INTO [ResourceMeasurement] ([MeasurementId],[CRID],[Load],[Interval],[Average],[CVS])VALUES(107,64,1,1,10.000000,1.000000)
INSERT INTO [ResourceMeasurement] ([MeasurementId],[CRID],[Load],[Interval],[Average],[CVS])VALUES(108,65,1,1,3.000000,1.000000)
INSERT INTO [ResourceMeasurement] ([MeasurementId],[CRID],[Load],[Interval],[Average],[CVS])VALUES(109,66,1,1,3.200000,1.000000)
INSERT INTO [ResourceMeasurement] ([MeasurementId],[CRID],[Load],[Interval],[Average],[CVS])VALUES(110,67,1,1,2.000000,1.000000)
INSERT INTO [ResourceMeasurement] ([MeasurementId],[CRID],[Load],[Interval],[Average],[CVS])VALUES(111,68,1,1,5.000000,1.000000)
INSERT INTO [ResourceMeasurement] ([MeasurementId],[CRID],[Load],[Interval],[Average],[CVS])VALUES(112,69,1,1,5.600000,1.000000)
INSERT INTO [ResourceMeasurement] ([MeasurementId],[CRID],[Load],[Interval],[Average],[CVS])VALUES(113,70,1,1,5.600000,1.000000)

PRINT 'Done'
 
 
SET IDENTITY_INSERT [dbo].[ResourceMeasurement] OFF
GO
SET NOCOUNT OFF
